{
  "--begin--": "该设备由账号作为seed固定生成，账号不变则永远相同",
  "product": "MRS4S",
  "device": "HIM188MOE",
  "board": "MIRAI-YYDS",
  "brand": "OICQX",
  "model": "Konata 2020",
  "wifi_ssid": "TP-LINK-31061e00",
  "bootloader": "U-boot",
  "android_id": "OICQX.601823.1368",
  "boot_id": "17821788-f403-5d17-243c-213adafcaa55",
  "proc_version": "Linux version 4.19.71-62467 (konata@takayama.github.com)",
  "mac_address": "00:50:5D:17:24:3C",
  "ip_address": "10.0.33.58",
  "imei": "351255082248225",
  "incremental": 3673991765,
  "--end--": "修改后可能需要重新验证设备"
}